Solution ID,f[1],f[2],f[3]
372,58.0,577.0,487.568965517
4208,62.0,514.0,456.112903226
5146,60.0,528.0,471.316666667
6731,63.0,525.0,448.873015873
6783,59.0,561.0,479.305084746
12557,61.0,523.0,463.590163934
