Solution ID,f[1],f[2],f[3]
171,48.0,620.0,609.854166667
303,46.0,631.0,636.369565217
339,49.0,614.0,597.408163265
447,47.0,626.0,622.829787234
1269,45.0,636.0,650.511111111
