Solution ID,f[1],f[2],f[3]
283,38.0,847.0,733.210526316
7489,40.0,750.0,696.55
8814,39.0,786.0,714.41025641
10426,41.0,765.0,679.56097561
