Solution ID,f[1],f[2],f[3]
131,36.0,838.0,747.277777778
6313,39.0,770.0,689.794871795
8080,38.0,755.0,707.947368421
10004,37.0,770.0,727.081081081
