Solution ID,f[1],f[2],f[3]
159,74.0,457.0,376.202702703
161,75.0,445.0,371.186666667
280,74.0,457.0,376.202702703
294,73.0,487.0,381.356164384
420,76.0,443.0,366.302631579
480,75.0,445.0,371.186666667
6535,79.0,398.0,352.392405063
7451,81.0,400.0,343.691358025
8623,77.0,415.0,361.545454545
8984,82.0,420.0,339.5
10755,81.0,400.0,343.691358025
12496,78.0,416.0,356.91025641
13611,80.0,394.0,347.9875
