Solution ID,f[1],f[2],f[3]
388,48.0,658.0,573.520833333
3039,50.0,596.0,550.58
8889,51.0,592.0,539.784313725
9049,52.0,589.0,529.403846154
12741,49.0,644.0,561.816326531
