Solution ID,f[1],f[2],f[3]
293,40.0,759.0,709.4
8497,42.0,706.0,675.619047619
9617,41.0,723.0,692.097560976
