Solution ID,f[1],f[2],f[3]
396,48.0,675.0,566.833333333
554,45.0,678.0,604.622222222
6025,47.0,659.0,578.893617021
6311,46.0,667.0,591.47826087
8102,46.0,667.0,591.47826087
12137,47.0,659.0,578.893617021
