Solution ID,f[1],f[2],f[3]
45,53.0,574.0,495.339622642
54,51.0,566.0,514.764705882
701,54.0,580.0,486.166666667
850,52.0,565.0,504.865384615
2632,50.0,572.0,525.06
3975,48.0,588.0,546.9375
8907,48.0,588.0,546.9375
10535,49.0,573.0,535.775510204
13501,48.0,588.0,546.9375
