Solution ID,f[1],f[2],f[3]
91,44.0,657.0,623.818181818
165,43.0,666.0,638.325581395
175,44.0,657.0,623.818181818
214,43.0,666.0,638.325581395
295,45.0,662.0,609.955555556
357,43.0,666.0,638.325581395
387,43.0,666.0,638.325581395
2175,42.0,672.0,653.523809524
3493,42.0,672.0,653.523809524
7011,43.0,666.0,638.325581395
12495,42.0,672.0,653.523809524
