Solution ID,f[1],f[2],f[3]
5505,41.0,705.0,692.097560976
11290,41.0,705.0,692.097560976
16538,42.0,685.0,675.619047619
19972,40.0,725.0,709.4
20473,43.0,686.0,659.906976744
22624,40.0,725.0,709.4
23963,39.0,925.0,727.58974359
24489,40.0,725.0,709.4
24748,41.0,705.0,692.097560976
