Solution ID,f[1],f[2],f[3]
151,50.0,631.0,563.92
376,51.0,632.0,552.862745098
385,50.0,631.0,563.92
867,48.0,641.0,587.416666667
890,48.0,641.0,587.416666667
3858,49.0,630.0,575.428571429
12593,52.0,637.0,542.230769231
