Solution ID,f[1],f[2],f[3]
164,73.0,447.0,361.506849315
186,72.0,449.0,366.527777778
386,71.0,460.0,371.690140845
983,78.0,419.0,338.333333333
2830,77.0,404.0,342.727272727
2851,78.0,419.0,338.333333333
2985,74.0,427.0,356.621621622
7171,76.0,409.0,347.236842105
8784,75.0,413.0,351.866666667
13335,70.0,476.0,377.0
