Solution ID,f[1],f[2],f[3]
149,51.0,596.0,557.607843137
7223,53.0,554.0,536.566037736
7324,54.0,554.0,526.62962963
10971,55.0,596.0,517.054545455
12739,52.0,598.0,546.884615385
