Solution ID,f[1],f[2],f[3]
313,51.0,634.0,542.098039216
637,52.0,622.0,531.673076923
903,55.0,584.0,502.672727273
3035,53.0,589.0,521.641509434
6129,54.0,575.0,511.981481481
