Solution ID,f[1],f[2],f[3]
2877,45.0,663.0,609.955555556
5036,41.0,673.0,669.463414634
6468,42.0,668.0,653.523809524
8921,43.0,655.0,638.325581395
10061,43.0,655.0,638.325581395
10595,43.0,655.0,638.325581395
11658,41.0,673.0,669.463414634
16417,41.0,673.0,669.463414634
16683,41.0,673.0,669.463414634
23753,44.0,651.0,623.818181818
