Solution ID,f[1],f[2],f[3]
7725,49.0,621.0,561.816326531
10061,50.0,580.0,550.58
11622,51.0,571.0,539.784313725
13991,48.0,651.0,573.520833333
22269,52.0,572.0,529.403846154
22557,52.0,572.0,529.403846154
22802,53.0,572.0,519.41509434
23275,52.0,572.0,529.403846154
23499,52.0,572.0,529.403846154
23667,52.0,572.0,529.403846154
23809,52.0,572.0,529.403846154
24433,52.0,572.0,529.403846154
24487,52.0,572.0,529.403846154
