Solution ID,f[1],f[2],f[3]
25,38.0,807.0,750.710526316
5434,40.0,724.0,713.175
7592,39.0,762.0,731.461538462
9150,41.0,728.0,695.780487805
9231,40.0,724.0,713.175
