Solution ID,f[1],f[2],f[3]
11068,39.0,754.0,714.41025641
14687,40.0,729.0,696.55
16554,41.0,733.0,679.56097561
21657,38.0,818.0,733.210526316
