Solution ID,f[1],f[2],f[3]
178,53.0,591.0,527.490566038
386,52.0,618.0,537.634615385
1554,55.0,537.0,508.309090909
7275,54.0,563.0,517.722222222
11254,56.0,540.0,499.232142857
