Solution ID,f[1],f[2],f[3]
17453,38.0,740.0,707.947368421
20402,36.0,838.0,747.277777778
21126,39.0,738.0,689.794871795
22950,37.0,760.0,727.081081081
23882,36.0,838.0,747.277777778
